{
  "project_info": {
    "project_number": "358012222125",
    "firebase_url": "https://staff-357a4-default-rtdb.firebaseio.com",
    "project_id": "staff-357a4",
    "storage_bucket": "staff-357a4.appspot.com"
  },
  "client": [
    {
      "client_info": {
        "mobilesdk_app_id": "1:358012222125:android:554463e62b421e9580a424",
        "android_client_info": {
          "package_name": "com.mycompany.vision"
        }
      },
      "oauth_client": [],
      "api_key": [
        {
          "current_key": "AIzaSyCNuwZJU-EUuc6o0LGHNUCuxpZqHBLtVhE"
        }
      ],
      "services": {
        "appinvite_service": {
          "other_platform_oauth_client": []
        }
      }
    }
  ],
  "configuration_version": "1"
}